date,event,quote,url
2026-09-21,Trump signs a security deal on Greenland during the week,"Trump is expected to sign an agreement negotiated with Denmark and Greenland",https://www.cnn.com/2026/09/21/world/unga-2026-what-to-expect-latam-intl
2026-09-21,Previews expect over 130 leaders,"it seems like we have over 130 heads of state or government coming",https://www.cnn.com/2026/09/21/world/unga-2026-what-to-expect-latam-intl
2026-09-22,The US–Iran war is nearly seven months old,"Since the war began nearly seven months ago",https://abcnews.com/Politics/trump-addresses-global-leaders-united-nations-general-assembly/story?id=136648657
2026-09-22,Trump: a deal with Iran or annihilation,"Or do I annihilate the Islamic Republic",https://abcnews.com/Politics/trump-addresses-global-leaders-united-nations-general-assembly/story?id=136648657
2026-09-22,Trump rejects global rules on AI,"totally rejects any attempt to construct a globalist scheme to control artificial intelligence",https://www.pbs.org/newshour/politics/fact-checking-trumps-speech-to-the-2026-united-nations-general-assembly
2026-09-22,Cuba and Iran walk out on Trump,"Members of the Cuban and Iranian delegations walked out at points during Trump's speech",https://www.pbs.org/newshour/politics/fact-checking-trumps-speech-to-the-2026-united-nations-general-assembly
2026-09-22,Xi skips New York; India and Russia send ministers,"Chinese leader Xi Jinping will skip the assembly",https://www.cnbc.com/2026/09/23/unga-trump-iran-china-greenland-ukraine-russia-.html
2026-09-22,Israel's delegation walks out on Erdoğan,"prompting Israel's delegation to walk out",https://www.cnbc.com/2026/09/23/unga-trump-iran-china-greenland-ukraine-russia-.html
2026-09-22,Venezuela's acting president meets Trump after Maduro's capture,"had her first meeting with US President Donald Trump",https://www.cnn.com/2026/09/22/world/live-news/un-general-assembly-trump
2026-09-23,Zelensky calls Putin 'patient zero' as his party offices are struck,"Zelensky’s party headquarters were struck by Russia",https://www.cnn.com/2026/09/23/world/live-news/united-nations-general-assembly-iran-trump-ukraine
2026-09-23,US–Iran sideline talks bring no breakthrough,"US-Iran talks on the sidelines of the UNGA did not yield a breakthrough",https://www.cnn.com/2026/09/23/world/live-news/united-nations-general-assembly-iran-trump-ukraine
2026-09-24,Abbas speaks by video after a US visa ban,"The Trump administration banned Abbas from entering the United States for the UNGA",https://www.cnn.com/2026/09/24/world/live-news/un-general-assembly-netanyahu
2026-09-24,Netanyahu: without the Iran strikes 'we'd all be dead',"we’d all be dead",https://www.cnn.com/2026/09/24/world/live-news/un-general-assembly-netanyahu
2026-09-24,Iran offers to reopen the Strait of Hormuz,"Iran presented a proposal to the US outlining the reopening of the Strait of Hormuz",https://www.cnn.com/2026/09/24/world/live-news/un-general-assembly-netanyahu
2026-09-28,The Assembly President closes the debate,"one word rose above all others: peace",https://news.un.org/en/story/2026/09/1168478
