slug,name,iso3,status,official_languages,m49_region
afghanistan,Afghanistan,AFG,member_state,fa|ps,Asia
albania,Albania,ALB,member_state,sq,Europe
algeria,Algeria,DZA,member_state,ar,Africa
andorra,Andorra,AND,member_state,ca,Europe
angola,Angola,AGO,member_state,pt,Africa
antigua-and-barbuda,Antigua and Barbuda,ATG,member_state,en,Americas
argentina,Argentina,ARG,member_state,es,Americas
armenia,Armenia,ARM,member_state,hy,Asia
australia,Australia,AUS,member_state,en,Oceania
austria,Austria,AUT,member_state,de,Europe
azerbaijan,Azerbaijan,AZE,member_state,az,Asia
bahamas,Bahamas,BHS,member_state,en,Americas
bahrain,Bahrain,BHR,member_state,ar,Asia
bangladesh,Bangladesh,BGD,member_state,bn,Asia
barbados,Barbados,BRB,member_state,en,Americas
belarus,Belarus,BLR,member_state,be|ru,Europe
belgium,Belgium,BEL,member_state,nl|fr|de,Europe
belize,Belize,BLZ,member_state,en,Americas
benin,Benin,BEN,member_state,fr,Africa
bhutan,Bhutan,BTN,member_state,dz,Asia
bolivia-plurinational-state,Bolivia (Plurinational State of),BOL,member_state,es,Americas
bosnia-and-herzegovina,Bosnia and Herzegovina,BIH,member_state,bs|hr|sr,Europe
botswana,Botswana,BWA,member_state,en|tn,Africa
brazil,Brazil,BRA,member_state,pt,Americas
brunei-darussalam,Brunei Darussalam,BRN,member_state,ms,Asia
bulgaria,Bulgaria,BGR,member_state,bg,Europe
burkina-faso,Burkina Faso,BFA,member_state,fr,Africa
burundi,Burundi,BDI,member_state,rn|fr|en,Africa
cabo-verde,Cabo Verde,CPV,member_state,pt,Africa
cambodia,Cambodia,KHM,member_state,km,Asia
cameroon,Cameroon,CMR,member_state,fr|en,Africa
canada,Canada,CAN,member_state,en|fr,Americas
central-african-republic,Central African Republic,CAF,member_state,fr|sg,Africa
chad,Chad,TCD,member_state,fr|ar,Africa
chile,Chile,CHL,member_state,es,Americas
china,China,CHN,member_state,zh,Asia
colombia,Colombia,COL,member_state,es,Americas
comoros,Comoros,COM,member_state,ar|fr,Africa
congo,Congo,COG,member_state,fr,Africa
costa-rica,Costa Rica,CRI,member_state,es,Americas
cote-divoire,Côte d'Ivoire,CIV,member_state,fr,Africa
croatia,Croatia,HRV,member_state,hr,Europe
cuba,Cuba,CUB,member_state,es,Americas
cyprus,Cyprus,CYP,member_state,el|tr,Asia
czechia,Czechia,CZE,member_state,cs,Europe
democratic-peoples-republic-korea,Democratic People's Republic of Korea,PRK,member_state,ko,Asia
democratic-republic-congo,Democratic Republic of the Congo,COD,member_state,fr,Africa
denmark,Denmark,DNK,member_state,da,Europe
djibouti,Djibouti,DJI,member_state,fr|ar,Africa
dominica,Dominica,DMA,member_state,en,Americas
dominican-republic,Dominican Republic,DOM,member_state,es,Americas
ecuador,Ecuador,ECU,member_state,es,Americas
egypt,Egypt,EGY,member_state,ar,Africa
el-salvador,El Salvador,SLV,member_state,es,Americas
equatorial-guinea,Equatorial Guinea,GNQ,member_state,es|fr|pt,Africa
eritrea,Eritrea,ERI,member_state,ti|ar|en,Africa
estonia,Estonia,EST,member_state,et,Europe
eswatini,Eswatini,SWZ,member_state,en|ss,Africa
ethiopia,Ethiopia,ETH,member_state,am,Africa
fiji,Fiji,FJI,member_state,en,Oceania
finland,Finland,FIN,member_state,fi|sv,Europe
france,France,FRA,member_state,fr,Europe
gabon,Gabon,GAB,member_state,fr,Africa
gambia-republic,Gambia,GMB,member_state,en,Africa
georgia,Georgia,GEO,member_state,ka,Asia
germany,Germany,DEU,member_state,de,Europe
ghana,Ghana,GHA,member_state,en,Africa
greece,Greece,GRC,member_state,el,Europe
grenada,Grenada,GRD,member_state,en,Americas
guatemala,Guatemala,GTM,member_state,es,Americas
guinea,Guinea,GIN,member_state,fr,Africa
guinea-bissau,Guinea-Bissau,GNB,member_state,pt,Africa
guyana,Guyana,GUY,member_state,en,Americas
haiti,Haiti,HTI,member_state,fr|ht,Americas
honduras,Honduras,HND,member_state,es,Americas
hungary,Hungary,HUN,member_state,hu,Europe
iceland,Iceland,ISL,member_state,is,Europe
india,India,IND,member_state,hi|en,Asia
indonesia,Indonesia,IDN,member_state,id,Asia
iran-islamic-republic,Iran (Islamic Republic of),IRN,member_state,fa,Asia
iraq,Iraq,IRQ,member_state,ar|ku,Asia
ireland,Ireland,IRL,member_state,ga|en,Europe
israel,Israel,ISR,member_state,he,Asia
italy,Italy,ITA,member_state,it,Europe
jamaica,Jamaica,JAM,member_state,en,Americas
japan,Japan,JPN,member_state,ja,Asia
jordan,Jordan,JOR,member_state,ar,Asia
kazakhstan,Kazakhstan,KAZ,member_state,kk|ru,Asia
kenya,Kenya,KEN,member_state,en|sw,Africa
kiribati,Kiribati,KIR,member_state,en,Oceania
kuwait,Kuwait,KWT,member_state,ar,Asia
kyrgyzstan,Kyrgyzstan,KGZ,member_state,ky|ru,Asia
lao-peoples-democratic-republic,Lao People's Democratic Republic,LAO,member_state,lo,Asia
latvia,Latvia,LVA,member_state,lv,Europe
lebanon,Lebanon,LBN,member_state,ar,Asia
lesotho,Lesotho,LSO,member_state,st|en,Africa
liberia,Liberia,LBR,member_state,en,Africa
libya,Libya,LBY,member_state,ar,Africa
liechtenstein,Liechtenstein,LIE,member_state,de,Europe
lithuania,Lithuania,LTU,member_state,lt,Europe
luxembourg,Luxembourg,LUX,member_state,lb|fr|de,Europe
madagascar,Madagascar,MDG,member_state,mg|fr,Africa
malawi,Malawi,MWI,member_state,en,Africa
malaysia,Malaysia,MYS,member_state,ms,Asia
maldives,Maldives,MDV,member_state,dv,Asia
mali,Mali,MLI,member_state,bm|fr,Africa
malta,Malta,MLT,member_state,mt|en,Europe
marshall-islands,Marshall Islands,MHL,member_state,mh|en,Oceania
mauritania,Mauritania,MRT,member_state,ar,Africa
mauritius,Mauritius,MUS,member_state,en|fr,Africa
mexico,Mexico,MEX,member_state,es,Americas
micronesia-federated-states,Micronesia (Federated States of),FSM,member_state,en,Oceania
monaco,Monaco,MCO,member_state,fr,Europe
mongolia,Mongolia,MNG,member_state,mn,Asia
montenegro,Montenegro,MNE,member_state,sr,Europe
morocco,Morocco,MAR,member_state,ar|zgh,Africa
mozambique,Mozambique,MOZ,member_state,pt,Africa
myanmar,Myanmar,MMR,member_state,my,Asia
namibia,Namibia,NAM,member_state,en,Africa
naoero,Nauru,NRU,member_state,na|en,Oceania
nepal,Nepal,NPL,member_state,ne,Asia
netherlands-kingdom,Netherlands (Kingdom of the),NLD,member_state,nl,Europe
new-zealand,New Zealand,NZL,member_state,en|mi,Oceania
nicaragua,Nicaragua,NIC,member_state,es,Americas
niger,Niger,NER,member_state,fr|ha,Africa
nigeria,Nigeria,NGA,member_state,en,Africa
north-macedonia,North Macedonia,MKD,member_state,mk|sq,Europe
norway,Norway,NOR,member_state,no,Europe
oman,Oman,OMN,member_state,ar,Asia
pakistan,Pakistan,PAK,member_state,ur|en,Asia
palau,Palau,PLW,member_state,en|pau,Oceania
panama,Panama,PAN,member_state,es,Americas
papua-new-guinea,Papua New Guinea,PNG,member_state,en|tpi|ho,Oceania
paraguay,Paraguay,PRY,member_state,es|gn,Americas
peru,Peru,PER,member_state,es,Americas
philippines,Philippines,PHL,member_state,fil|en,Asia
poland,Poland,POL,member_state,pl,Europe
portugal,Portugal,PRT,member_state,pt,Europe
qatar,Qatar,QAT,member_state,ar,Asia
republic-korea,Republic of Korea,KOR,member_state,ko,Asia
republic-moldova,Republic of Moldova,MDA,member_state,ro,Europe
romania,Romania,ROU,member_state,ro,Europe
russian-federation,Russian Federation,RUS,member_state,ru,Europe
rwanda,Rwanda,RWA,member_state,rw|en|fr|sw,Africa
saint-kitts-and-nevis,Saint Kitts and Nevis,KNA,member_state,en,Americas
saint-lucia,Saint Lucia,LCA,member_state,en,Americas
saint-vincent-and-grenadines,Saint Vincent and the Grenadines,VCT,member_state,en,Americas
samoa,Samoa,WSM,member_state,sm|en,Oceania
san-marino,San Marino,SMR,member_state,it,Europe
sao-tome-and-principe,Sao Tome and Principe,STP,member_state,pt,Africa
saudi-arabia,Saudi Arabia,SAU,member_state,ar,Asia
senegal,Senegal,SEN,member_state,fr,Africa
serbia,Serbia,SRB,member_state,sr,Europe
seychelles,Seychelles,SYC,member_state,en|fr|crs,Africa
sierra-leone,Sierra Leone,SLE,member_state,en,Africa
singapore,Singapore,SGP,member_state,en|ms|zh|ta,Asia
slovakia,Slovakia,SVK,member_state,sk,Europe
slovenia,Slovenia,SVN,member_state,sl,Europe
solomon-islands,Solomon Islands,SLB,member_state,en,Oceania
somalia,Somalia,SOM,member_state,so|ar,Africa
south-africa,South Africa,ZAF,member_state,en|af|zu|xh|nso|tn|st|ts|ss|ve|nr,Africa
south-sudan,South Sudan,SSD,member_state,en,Africa
spain,Spain,ESP,member_state,es,Europe
sri-lanka,Sri Lanka,LKA,member_state,si|ta,Asia
sudan,Sudan,SDN,member_state,ar|en,Africa
suriname,Suriname,SUR,member_state,nl,Americas
sweden,Sweden,SWE,member_state,sv,Europe
switzerland,Switzerland,CHE,member_state,de|fr|it|rm,Europe
syrian-arab-republic,Syrian Arab Republic,SYR,member_state,ar,Asia
tajikistan,Tajikistan,TJK,member_state,tg,Asia
thailand,Thailand,THA,member_state,th,Asia
timor-leste,Timor-Leste,TLS,member_state,pt|tet,Asia
togo,Togo,TGO,member_state,fr,Africa
tonga,Tonga,TON,member_state,to|en,Oceania
trinidad-and-tobago,Trinidad and Tobago,TTO,member_state,en,Americas
tunisia,Tunisia,TUN,member_state,ar,Africa
turkiye,Türkiye,TUR,member_state,tr,Asia
turkmenistan,Turkmenistan,TKM,member_state,tk,Asia
tuvalu,Tuvalu,TUV,member_state,tvl|en,Oceania
uganda,Uganda,UGA,member_state,en|sw,Africa
ukraine,Ukraine,UKR,member_state,uk,Europe
united-arab-emirates,United Arab Emirates,ARE,member_state,ar,Asia
united-kingdom-great-britain-and-northern-ireland,United Kingdom of Great Britain and Northern Ireland,GBR,member_state,en,Europe
united-republic-tanzania,United Republic of Tanzania,TZA,member_state,sw|en,Africa
united-states-america,United States of America,USA,member_state,en,Americas
uruguay,Uruguay,URY,member_state,es,Americas
uzbekistan,Uzbekistan,UZB,member_state,uz,Asia
vanuatu,Vanuatu,VUT,member_state,bi|en|fr,Oceania
venezuela-bolivarian-republic,Venezuela (Bolivarian Republic of),VEN,member_state,es,Americas
viet-nam,Viet Nam,VNM,member_state,vi,Asia
yemen,Yemen,YEM,member_state,ar,Asia
zambia,Zambia,ZMB,member_state,en,Africa
zimbabwe,Zimbabwe,ZWE,member_state,en|sn|nd,Africa
holy-see,Holy See,VAT,observer_state,it|la,Europe
palestine-state,State of Palestine,PSE,observer_state,ar,Asia
european-union,European Union,,observer_organisation,,
president-general-assembly-opening,President of the General Assembly (opening),,un_official,,
president-general-assembly-closing,President of the General Assembly (closing),,un_official,,
secretary-general-united-nations,Secretary-General of the United Nations,,un_official,,
,Taiwan,TWN,not_represented,zh,Asia
