outlet,domain,country,region,status,reports,checked,dnr_brand,note
UN News,news.un.org,United Nations,UN,in_sample,3,2026-09-29,,daily takeaways; three read from GlobalSecurity.org copies
UN News (via GlobalSecurity.org),globalsecurity.org,United States,UN,in_sample,3,2026-09-29,,republished UN News takeaways
Wikipedia,en.wikipedia.org,—,Reference,in_sample,1,2026-09-29,,"Secretary-General selection only, not counted as press"
CNN,cnn.com,United States,Americas,in_sample,4,2026-09-29,CNN online,
ABC News,abcnews.com,United States,Americas,in_sample,1,2026-09-29,ABC News online,
NBC News,nbcnews.com,United States,Americas,in_sample,1,2026-09-29,NBC News online,
CNBC,cnbc.com,United States,Americas,in_sample,1,2026-09-29,,
PBS News,pbs.org,United States,Americas,in_sample,1,2026-09-29,,
PolitiFact,politifact.com,United States,Americas,in_sample,1,2026-09-29,,live page keeps 86 words
MS NOW,ms.now,United States,Americas,in_sample,1,2026-09-29,,read from structured data
NPR,npr.org,United States,Americas,in_sample,2,2026-09-29,NPR News online,
Foreign Policy,foreignpolicy.com,United States,Americas,in_sample,3,2026-09-29,,
Buenos Aires Times,batimes.com.ar,Argentina,Americas,in_sample,1,2026-09-29,,
Nation News,nationnews.com,Barbados,Americas,in_sample,2,2026-09-29,,
Jamaica Gleaner,jamaica-gleaner.com,Jamaica,Americas,in_sample,1,2026-09-29,,
Al Jazeera,aljazeera.com,Qatar,Asia,in_sample,1,2026-09-29,,
SCMP,scmp.com,Hong Kong,Asia,in_sample,1,2026-09-29,South China Morning Post online,read from structured data
Dawn,dawn.com,Pakistan,Asia,in_sample,4,2026-09-29,,
Japan Times,japantimes.co.jp,Japan,Asia,in_sample,2,2026-09-29,,
Korea Times,koreatimes.co.kr,South Korea,Asia,in_sample,1,2026-09-29,,
CGTN,news.cgtn.com,China,Asia,in_sample,1,2026-09-29,,state media
Xinhua,english.news.cn,China,Asia,in_sample,1,2026-09-29,,state media; full speech texts excluded
China Daily,chinadaily.com.cn,China,Asia,in_sample,1,2026-09-29,,state media
Global Times,globaltimes.cn,China,Asia,in_sample,1,2026-09-29,,state media
Jakarta Post,thejakartapost.com,Indonesia,Asia,in_sample,3,2026-09-29,,
Malay Mail,malaymail.com,Malaysia,Asia,in_sample,3,2026-09-29,Malay Mail online,
The Star,thestar.com.my,Malaysia,Asia,in_sample,1,2026-09-29,The Star online,
Tehran Times,tehrantimes.com,Iran,Asia,in_sample,2,2026-09-29,,
TASS,tass.com,Russia,Europe,in_sample,3,2026-09-29,,state media; short briefs
Kyiv Independent,kyivindependent.com,Ukraine,Europe,in_sample,1,2026-09-29,,full speech texts excluded
Ukrinform,ukrinform.net,Ukraine,Europe,in_sample,1,2026-09-29,,state news agency
Daily Nation,nation.africa,Kenya,Africa,in_sample,1,2026-09-29,Daily Nation online,one analysis piece refused the download
Premium Times,premiumtimesng.com,Nigeria,Africa,in_sample,3,2026-09-29,,full speech texts excluded
ABC Australia,abc.net.au,Australia,Oceania,in_sample,1,2026-09-29,ABC News online,
SBS News,sbs.com.au,Australia,Oceania,in_sample,2,2026-09-29,SBS News online,
RNZ,rnz.co.nz,New Zealand,Oceania,in_sample,2,2026-09-29,,older 57xxxx-numbered pages are from 2025
Pacific Media Network,pmn.co.nz,New Zealand,Oceania,in_sample,1,2026-09-29,,
Asia Pacific Report,asiapacificreport.nz,New Zealand,Oceania,in_sample,1,2026-09-29,,one piece left out as a republished RNZ story
Fiji Village,fijivillage.com,Fiji,Oceania,in_sample,1,2026-09-29,,
PINA,pina.com.fj,Fiji,Oceania,in_sample,2,2026-09-29,,Pacific Islands News Association
Matangi Tonga,matangitonga.to,Tonga,Oceania,in_sample,1,2026-09-29,,
Samoa Observer,samoaobserver.ws,Samoa,Oceania,in_sample,3,2026-09-29,,no machine-readable date; dates read from the page
Island Times,islandtimes.org,Palau,Oceania,in_sample,3,2026-09-29,,a Taiwan piece turned out to be from 2018
Islands Business,islandsbusiness.com,Fiji,Oceania,excluded,0,2026-09-29,,PACNEWS daily digests bundle unrelated stories
Fiji Times,fijitimes.com.fj,Fiji,Oceania,no_coverage_found,0,2026-09-29,,
FBC News,fbcnews.com.fj,Fiji,Oceania,no_coverage_found,0,2026-09-29,,
Vanuatu Daily Post,dailypost.vu,Vanuatu,Oceania,no_coverage_found,0,2026-09-29,,
Cook Islands News,cookislandsnews.com,Cook Islands,Oceania,no_coverage_found,0,2026-09-29,,
Island Sun,theislandsun.com.sb,Solomon Islands,Oceania,no_coverage_found,0,2026-09-29,,only domestic politics found
Loop PNG,looppng.com,Papua New Guinea,Oceania,no_coverage_found,0,2026-09-29,,tag page only
Marshall Islands Journal,marshallislandsjournal.com,Marshall Islands,Oceania,no_coverage_found,0,2026-09-29,,
Kaselehlie Press,kpress.info,Micronesia,Oceania,no_coverage_found,0,2026-09-29,,
PNC Guam,pncguam.com,Guam,Oceania,no_coverage_found,0,2026-09-29,,
NZ Herald,nzherald.co.nz,New Zealand,Oceania,no_coverage_found,0,2026-09-29,,only 2018 pieces found
Stuff,stuff.co.nz,New Zealand,Oceania,no_coverage_found,0,2026-09-29,,
Pacnews,pacnews.org,Fiji,Oceania,no_coverage_found,0,2026-09-29,,carried by Islands Business
BenarNews,benarnews.org,United States,Oceania,no_coverage_found,0,2026-09-29,,
Devpolicy Blog,devpolicy.org,Australia,Oceania,no_coverage_found,0,2026-09-29,,2025 debate only
Lowy Interpreter,lowyinstitute.org,Australia,Oceania,outside_window,0,2026-09-29,,middle-powers piece published 12 March 2026
Pacific Island Times,pacificislandtimes.com,Guam,Oceania,outside_window,0,2026-09-29,,piece published 10 October 2025
Solomon Star,solomonstarnews.com,Solomon Islands,Oceania,download_refused,0,2026-09-29,,403
The National (PNG),thenational.com.pg,Papua New Guinea,Oceania,download_refused,0,2026-09-29,,403
Marianas Variety,mvariety.com,Northern Mariana Islands,Oceania,download_refused,0,2026-09-29,,429 rate limit; worth retrying
Post-Courier,postcourier.com.pg,Papua New Guinea,Oceania,search_blocked,0,2026-09-29,,
Inquirer,inquirer.net,Philippines,Asia,download_refused,0,2026-09-29,,403
Arab News,arabnews.com,Saudi Arabia,Asia,download_refused,0,2026-09-29,,403
Times of Israel,timesofisrael.com,Israel,Asia,download_refused,0,2026-09-29,,403
The National (UAE),thenationalnews.com,United Arab Emirates,Asia,no_text,0,2026-09-29,,live pages drawn by script
Anadolu Agency,aa.com.tr,Türkiye,Asia,no_text,0,2026-09-29,,live blog drawn by script
Daily Sabah,dailysabah.com,Türkiye,Asia,no_coverage_found,0,2026-09-29,,
Kyodo News,english.kyodonews.net,Japan,Asia,no_coverage_found,0,2026-09-29,,
Korea Herald,koreaherald.com,South Korea,Asia,no_coverage_found,0,2026-09-29,,
Yonhap,en.yna.co.kr,South Korea,Asia,no_coverage_found,0,2026-09-29,Yonhap News online,
Bangkok Post,bangkokpost.com,Thailand,Asia,no_coverage_found,0,2026-09-29,Bangkok Post online,
VnExpress,vnexpress.net,Viet Nam,Asia,no_coverage_found,0,2026-09-29,,
CNA,channelnewsasia.com,Singapore,Asia,search_blocked,0,2026-09-29,,
Straits Times,straitstimes.com,Singapore,Asia,search_blocked,0,2026-09-29,Straits Times online,
The Hindu,thehindu.com,India,Asia,search_blocked,0,2026-09-29,The Hindu online,
Indian Express,indianexpress.com,India,Asia,search_blocked,0,2026-09-29,The Indian Express online,
Times of India,timesofindia.indiatimes.com,India,Asia,search_blocked,0,2026-09-29,The Times of India online,
NHK,nhk.or.jp,Japan,Asia,search_blocked,0,2026-09-29,NHK News online,
France 24,france24.com,France,Europe,download_refused,0,2026-09-29,,403
Euronews,euronews.com,France,Europe,download_refused,0,2026-09-29,,406
Moscow Times,themoscowtimes.com,Russia,Europe,no_coverage_found,0,2026-09-29,,
Euromaidan Press,euromaidanpress.com,Ukraine,Europe,no_coverage_found,0,2026-09-29,,
BBC,bbc.com,United Kingdom,Europe,search_blocked,0,2026-09-29,BBC News online,
The Guardian,theguardian.com,United Kingdom,Europe,search_blocked,0,2026-09-29,Guardian online,
Reuters,reuters.com,United Kingdom,Europe,search_blocked,0,2026-09-29,,
Le Monde,lemonde.fr,France,Europe,search_blocked,0,2026-09-29,Le Monde online,
RFI,rfi.fr,France,Europe,search_blocked,0,2026-09-29,,
DW,dw.com,Germany,Europe,search_blocked,0,2026-09-29,,
Politico Europe,politico.eu,Belgium,Europe,search_blocked,0,2026-09-29,,
Africanews,africanews.com,Republic of the Congo,Africa,download_refused,0,2026-09-29,,406
The EastAfrican,theeastafrican.co.ke,Kenya,Africa,download_refused,0,2026-09-29,,403
News24,news24.com,South Africa,Africa,no_coverage_found,0,2026-09-29,News24,"only pieces from 2018, 2023 and 2025 found"
Daily Maverick,dailymaverick.co.za,South Africa,Africa,in_sample,1,2026-09-29,Daily Maverick,first round: no_coverage_found
The Africa Report,theafricareport.com,France,Africa,no_coverage_found,0,2026-09-29,,
Punch,punchng.com,Nigeria,Africa,search_blocked,0,2026-09-29,Punch online,
Politico,politico.com,United States,Americas,no_coverage_found,0,2026-09-29,Politico,
TLDR News,tldrnews.co.uk,United Kingdom,Europe,video_only,0,2026-09-29,,
AP,apnews.com,United States,Americas,search_blocked,0,2026-09-29,,
New York Times,nytimes.com,United States,Americas,search_blocked,0,2026-09-29,New York Times,
LA Times,latimes.com,United States,Americas,search_blocked,0,2026-09-29,,
Washington Post,washingtonpost.com,United States,Americas,no_coverage_found,0,2026-09-29,Washington Post online,
Axios,axios.com,United States,Americas,no_coverage_found,0,2026-09-29,,
PassBlue,passblue.com,United States,Americas,outside_window,0,2026-09-29,,pieces from 12 and 17 September
Infobae,infobae.com,Argentina,Americas,not_english,0,2026-09-29,Infobae,
MercoPress,mercopress.com,Uruguay,Americas,not_english,0,2026-09-29,,Spanish edition found
El Universal,eluniversal.com.mx,Mexico,Americas,not_english,0,2026-09-29,El Universal online,
El País,elpais.com,Spain,Europe,search_blocked,0,2026-09-29,El País online,
Clarín,clarin.com,Argentina,Americas,search_blocked,0,2026-09-29,Clarín online,
Folha,folha.uol.com.br,Brazil,Americas,no_coverage_found,0,2026-09-29,,
Jamaica Observer,jamaica-observer.com,Jamaica,Americas,no_coverage_found,0,2026-09-29,,
Stabroek News,stabroeknews.com,Guyana,Americas,no_coverage_found,0,2026-09-29,,
Channels Television,channelstv.com,Nigeria,Africa,in_sample,1,2026-09-29,Channels Television online,full speech text excluded
Daily Trust,dailytrust.com,Nigeria,Africa,in_sample,2,2026-09-29,Daily Trust online,one opinion piece was from 2024
Vanguard,vanguardngr.com,Nigeria,Africa,in_sample,3,2026-09-29,Vanguard online,
The Guardian (Nigeria),guardian.ng,Nigeria,Africa,in_sample,1,2026-09-29,,
ThisDay,thisdaylive.com,Nigeria,Africa,no_coverage_found,0,2026-09-29,,only an ECOWAS story found
The Cable,thecable.ng,Nigeria,Africa,no_coverage_found,0,2026-09-29,,
The Star (Kenya),the-star.co.ke,Kenya,Africa,in_sample,5,2026-09-29,The Star online,dates read from the url
Citizen Digital,citizen.digital,Kenya,Africa,in_sample,3,2026-09-29,Citizen TV online,
The Standard (Kenya),standardmedia.co.ke,Kenya,Africa,in_sample,2,2026-09-29,The Standard online,
Capital FM (Kenya),capitalfm.co.ke,Kenya,Africa,no_coverage_found,0,2026-09-29,,
SABC News,sabcnews.com,South Africa,Africa,in_sample,2,2026-09-29,SABC News online,
IOL,iol.co.za,South Africa,Africa,in_sample,1,2026-09-29,IOL,
eNCA,enca.com,South Africa,Africa,outside_window,0,2026-09-29,eNCA online,both pieces found were from 2024 and 2025
Mail & Guardian,mg.co.za,South Africa,Africa,outside_window,0,2026-09-29,Mail & Guardian online,Gaza and BRICS piece from 12 September
TimesLIVE,timeslive.co.za,South Africa,Africa,no_coverage_found,0,2026-09-29,TimesLive,
MyJoyOnline,myjoyonline.com,Ghana,Africa,in_sample,6,2026-09-29,,full speech text excluded
GhanaWeb,ghanaweb.com,Ghana,Africa,no_text,0,2026-09-29,,pages drawn by script
Graphic Online,graphic.com.gh,Ghana,Africa,excluded,0,2026-09-29,,only the full speech text found
Citi Newsroom,citinewsroom.com,Ghana,Africa,no_coverage_found,0,2026-09-29,,
Ghana News Agency,gna.org.gh,Ghana,Africa,no_coverage_found,0,2026-09-29,,
The Reporter (Ethiopia),thereporterethiopia.com,Ethiopia,Africa,download_refused,0,2026-09-29,,403
ENA,ena.et,Ethiopia,Africa,in_sample,1,2026-09-29,,"state news agency; two pieces with older ids were from 2025, dates read by hand"
Addis Standard,addisstandard.com,Ethiopia,Africa,no_coverage_found,0,2026-09-29,,
Fana,fanabc.com,Ethiopia,Africa,no_coverage_found,0,2026-09-29,,
Egypt Today,egypttoday.com,Egypt,Africa,in_sample,3,2026-09-29,,
Egypt Independent,egyptindependent.com,Egypt,Africa,in_sample,1,2026-09-29,,
Daily News Egypt,dailynewsegypt.com,Egypt,Africa,in_sample,3,2026-09-29,,
Ahram Online,english.ahram.org.eg,Egypt,Africa,download_refused,0,2026-09-29,,403
State Information Service (Egypt),sis.gov.eg,Egypt,Africa,excluded,0,2026-09-29,,government press office
New Vision,newvision.co.ug,Uganda,Africa,in_sample,2,2026-09-29,,
Daily Monitor,monitor.co.ug,Uganda,Africa,in_sample,3,2026-09-29,,
Daily News (Tanzania),dailynews.co.tz,Tanzania,Africa,in_sample,1,2026-09-29,,
The Citizen (Tanzania),thecitizen.co.tz,Tanzania,Africa,outside_window,0,2026-09-29,,walkout piece from 2024
KT Press,ktpress.rw,Rwanda,Africa,in_sample,1,2026-09-29,,
The New Times,newtimes.co.rw,Rwanda,Africa,in_sample,1,2026-09-29,,
The Herald (Zimbabwe),herald.co.zw,Zimbabwe,Africa,no_coverage_found,0,2026-09-29,,
NewsDay (Zimbabwe),newsday.co.zw,Zimbabwe,Africa,no_coverage_found,0,2026-09-29,,
Lusaka Times,lusakatimes.com,Zambia,Africa,in_sample,3,2026-09-29,,
ZNBC,znbc.co.zm,Zambia,Africa,no_coverage_found,0,2026-09-29,,
The Namibian,namibian.com.na,Namibia,Africa,in_sample,4,2026-09-29,,a preview from 17 September left out
New Era,neweralive.na,Namibia,Africa,in_sample,1,2026-09-29,,
Mmegi,mmegi.bw,Botswana,Africa,no_coverage_found,0,2026-09-29,,
Nyasa Times,nyasatimes.com,Malawi,Africa,in_sample,1,2026-09-29,,
Club of Mozambique,clubofmozambique.com,Mozambique,Africa,in_sample,2,2026-09-29,,
Morocco World News,moroccoworldnews.com,Morocco,Africa,in_sample,5,2026-09-29,,a piece from 17 September left out
Hespress English,en.hespress.com,Morocco,Africa,in_sample,1,2026-09-29,Hespress,
APS,aps.dz,Algeria,Africa,no_text,0,2026-09-29,,state news agency; page yields 14 words
TAP,tap.info.tn,Tunisia,Africa,download_failed,0,2026-09-29,,state news agency; its certificate fails verification
Hiiraan Online,hiiraan.com,Somalia,Africa,in_sample,1,2026-09-29,,
Garowe Online,garoweonline.com,Somalia,Africa,outside_window,0,2026-09-29,,piece found was from 2020
Libya Observer,libyaobserver.ly,Libya,Africa,in_sample,2,2026-09-29,,two pieces from 2021 and 2025 left out
Libya Herald,libyaherald.com,Libya,Africa,in_sample,1,2026-09-29,,
Sudan Tribune,sudantribune.com,Sudan,Africa,download_refused,0,2026-09-29,,403
Dabanga,dabangasudan.org,Sudan,Africa,outside_window,0,2026-09-29,,piece found was from the 2025 session
Radio Tamazuj,radiotamazuj.org,South Sudan,Africa,in_sample,1,2026-09-29,,
FrontPage Africa,frontpageafricaonline.com,Liberia,Africa,in_sample,3,2026-09-29,,
The Point,thepoint.gm,Gambia,Africa,no_coverage_found,0,2026-09-29,,
APAnews,apanews.net,Senegal,Africa,no_coverage_found,0,2026-09-29,,
Cameroon Tribune,cameroon-tribune.cm,Cameroon,Africa,not_english,0,2026-09-29,,French
allAfrica,allafrica.com,Mauritius,Africa,excluded,0,2026-09-29,,aggregator; items found republish UN News and outlets already sampled
CBS News,cbsnews.com,United States,Americas,in_sample,2,2026-09-29,CBS News online,a live page was from 2025
Fox News,foxnews.com,United States,Americas,in_sample,3,2026-09-29,Fox News online,
USA Today,usatoday.com,United States,Americas,search_blocked,0,2026-09-29,USA Today online,
CTV News,ctvnews.ca,Canada,Americas,in_sample,4,2026-09-29,CTV News online,
CBC News,cbc.ca,Canada,Americas,in_sample,1,2026-09-29,CBC News online,video pages excluded
The Globe and Mail,theglobeandmail.com,Canada,Americas,in_sample,1,2026-09-29,Globe and Mail online,
Global News,globalnews.ca,Canada,Americas,no_coverage_found,0,2026-09-29,Global News online,
ITV News,itv.com,United Kingdom,Europe,download_failed,0,2026-09-29,ITV News online,connection refused on every try
Sky News,news.sky.com,United Kingdom,Europe,search_blocked,0,2026-09-29,Sky News online,
MailOnline,dailymail.co.uk,United Kingdom,Europe,search_blocked,0,2026-09-29,MailOnline,
The Telegraph,telegraph.co.uk,United Kingdom,Europe,search_blocked,0,2026-09-29,Telegraph online,
GB News,gbnews.com,United Kingdom,Europe,no_coverage_found,0,2026-09-29,GB News online,
RTÉ News,rte.ie,Ireland,Europe,in_sample,5,2026-09-29,RTÉ News online,
The Irish Times,irishtimes.com,Ireland,Europe,in_sample,2,2026-09-29,The Irish Times online,
TheJournal.ie,thejournal.ie,Ireland,Europe,in_sample,2,2026-09-29,TheJournal.ie,
Irish Independent,independent.ie,Ireland,Europe,search_blocked,0,2026-09-29,Irish Independent online,
BreakingNews.ie,breakingnews.ie,Ireland,Europe,no_coverage_found,0,2026-09-29,BreakingNews.ie,
News.com.au,news.com.au,Australia,Oceania,search_blocked,0,2026-09-29,News.com.au,
Nine News,9news.com.au,Australia,Oceania,search_blocked,0,2026-09-29,Nine News online,
7News,7news.com.au,Australia,Oceania,search_blocked,0,2026-09-29,,
Sky News Australia,skynews.com.au,Australia,Oceania,search_blocked,0,2026-09-29,,
Sydney Morning Herald,smh.com.au,Australia,Oceania,search_blocked,0,2026-09-29,Sydney Morning Herald online,
The Australian,theaustralian.com.au,Australia,Oceania,search_blocked,0,2026-09-29,The Australian online,
NDTV,ndtv.com,India,Asia,search_blocked,0,2026-09-29,NDTV online,
Hindustan Times,hindustantimes.com,India,Asia,search_blocked,0,2026-09-29,Hindustan Times online,
India Today,indiatoday.in,India,Asia,search_blocked,0,2026-09-29,India Today online,
Firstpost,firstpost.com,India,Asia,search_blocked,0,2026-09-29,Firstpost,
Republic World,republicworld.com,India,Asia,in_sample,1,2026-09-29,Republic TV online,a full-speech piece was from 2024
ThePrint,theprint.in,India,Asia,in_sample,1,2026-09-29,The Print,Hindi edition excluded; one page yields no text
Mothership,mothership.sg,Singapore,Asia,no_coverage_found,0,2026-09-29,,
RTHK,rthk.hk,Hong Kong,Asia,no_coverage_found,0,2026-09-29,RTHK News online,
The Standard (Hong Kong),thestandard.com.hk,Hong Kong,Asia,no_coverage_found,0,2026-09-29,,
Malaysiakini,malaysiakini.com,Malaysia,Asia,no_coverage_found,0,2026-09-29,Malaysiakini,
Free Malaysia Today,freemalaysiatoday.com,Malaysia,Asia,in_sample,1,2026-09-29,Free Malaysia Today,
Astro Awani,astroawani.com,Malaysia,Asia,search_blocked,0,2026-09-29,Astro Awani online,
Philstar,philstar.com,Philippines,Asia,in_sample,1,2026-09-29,The Philippine Star online,
Rappler,rappler.com,Philippines,Asia,in_sample,1,2026-09-29,Rappler,
GMA News,gmanetwork.com,Philippines,Asia,in_sample,1,2026-09-29,GMA News online,
ABS-CBN News,news.abs-cbn.com,Philippines,Asia,no_coverage_found,0,2026-09-29,ABS-CBN News online,
Kenyans.co.ke,kenyans.co.ke,Kenya,Africa,in_sample,1,2026-09-29,Kenyans.co.ke,
Tuko,tuko.co.ke,Kenya,Africa,search_blocked,0,2026-09-29,,
Arise News,arise.tv,Nigeria,Africa,in_sample,4,2026-09-29,Arise TV online,no machine-readable date; dates read from the page
Legit.ng,legit.ng,Nigeria,Africa,in_sample,2,2026-09-29,Legit.ng,
Pulse Nigeria,pulse.ng,Nigeria,Africa,outside_window,0,2026-09-29,,piece found was from 2025
Sahara Reporters,saharareporters.com,Nigeria,Africa,in_sample,1,2026-09-29,Sahara Reporters,
Daily Post (Nigeria),dailypost.ng,Nigeria,Africa,search_blocked,0,2026-09-29,Daily Post online,
TVC News,tvcnews.tv,Nigeria,Africa,no_coverage_found,0,2026-09-29,TVC News online,
The Citizen (South Africa),citizen.co.za,South Africa,Africa,in_sample,3,2026-09-29,The Citizen online,an August piece left out
The South African,thesouthafrican.com,South Africa,Africa,search_blocked,0,2026-09-29,The South African,
