slug,delegation,region,source_url
belize,Belize,Americas,https://www.congress.gov/crs_external_products/IF/PDF/IF12646/IF12646.6.pdf
guatemala,Guatemala,Americas,https://www.congress.gov/crs_external_products/IF/PDF/IF12646/IF12646.6.pdf
haiti,Haiti,Americas,https://www.congress.gov/crs_external_products/IF/PDF/IF12646/IF12646.6.pdf
paraguay,Paraguay,Americas,https://www.congress.gov/crs_external_products/IF/PDF/IF12646/IF12646.6.pdf
saint-kitts-and-nevis,Saint Kitts and Nevis,Americas,https://www.congress.gov/crs_external_products/IF/PDF/IF12646/IF12646.6.pdf
saint-lucia,Saint Lucia,Americas,https://www.congress.gov/crs_external_products/IF/PDF/IF12646/IF12646.6.pdf
saint-vincent-and-grenadines,Saint Vincent and the Grenadines,Americas,https://www.congress.gov/crs_external_products/IF/PDF/IF12646/IF12646.6.pdf
marshall-islands,Marshall Islands,Oceania,https://www.congress.gov/crs_external_products/IF/PDF/IF12646/IF12646.6.pdf
palau,Palau,Oceania,https://www.congress.gov/crs_external_products/IF/PDF/IF12646/IF12646.6.pdf
tuvalu,Tuvalu,Oceania,https://www.congress.gov/crs_external_products/IF/PDF/IF12646/IF12646.6.pdf
eswatini,Eswatini,Africa,https://www.congress.gov/crs_external_products/IF/PDF/IF12646/IF12646.6.pdf
holy-see,Holy See,Europe,https://www.taiwan.gov.tw/content_5.php
